method,shots,episodes,mse_mean,mse_mean_ci95_lo,mse_mean_ci95_hi,mse_median,mse_iqr,info_gain_mean,decision_ms_mean,decision_ms_p95,crlb_theta_mse_mean,mse_crlb_ratio_mean,crlb_efficiency_mean,per_seed_mse_mean
symqnet,16,1.0,0.11215678602457047,0.11215678602457047,0.11215678602457047,0.11215678602457047,0.0,0.052150726318359375,0.31320824928116053,0.49255000412813377,0.1856076955795288,0.6042679732345136,1.6548949212833832,777:0.11215679
