method,shots,episodes,mse_mean,mse_median,mse_iqr,info_gain_mean
random,16,1.0,0.11135353147983551,0.11135353147983551,0.0,0.03276348114013672
fixed,16,1.0,0.12545505166053772,0.12545505166053772,0.0,0.19868183135986328
