method,shots,episodes,mse_mean,mse_mean_ci95_lo,mse_mean_ci95_hi,mse_median,mse_iqr,info_gain_mean,decision_ms_mean,decision_ms_p95,crlb_theta_mse_mean,mse_crlb_ratio_mean,per_seed_mse_mean
random,16,1.0,0.11135353147983551,0.11135353147983551,0.11135353147983551,0.11135353147983551,0.0,0.03276348114013672,0.1455724959669169,0.4664374035201034,27.86258544921875,0.0039965254366930185,777:0.11135353
fixed,16,1.0,0.12545505166053772,0.12545505166053772,0.12545505166053772,0.12545505166053772,0.0,0.19868183135986328,0.0011247502698097378,0.001681149296928197,41.25336608886719,0.0030410864265060194,777:0.12545505
