method,shots,episodes,mse_mean,mse_mean_ci95_lo,mse_mean_ci95_hi,mse_median,mse_iqr,info_gain_mean,decision_ms_mean,decision_ms_p95,per_seed_mse_mean
random,16,1.0,0.11135353147983551,0.11135353147983551,0.11135353147983551,0.11135353147983551,0.0,0.03276348114013672,0.07242725041578524,0.21385815271059974,777:0.11135353
fixed,16,1.0,0.12545505166053772,0.12545505166053772,0.12545505166053772,0.12545505166053772,0.0,0.19868183135986328,0.0017397505871485919,0.0024848974135238677,777:0.12545505
