method,shots,episodes,mse_mean,mse_mean_ci95_lo,mse_mean_ci95_hi,mse_median,mse_iqr,info_gain_mean,decision_ms_mean,decision_ms_p95,per_seed_mse_mean
random,16,1.0,0.11135353147983551,0.11135353147983551,0.11135353147983551,0.11135353147983551,0.0,0.03276348114013672,0.14717700105393305,0.48130180803127565,777:0.11135353
fixed,16,1.0,0.12545505166053772,0.12545505166053772,0.12545505166053772,0.12545505166053772,0.0,0.19868183135986328,0.0016980011423584074,0.002691952977329492,777:0.12545505
